size,background,scenario,phase,firstMs_before_samples,firstMs_before_median,firstMs_before_p95,firstMs_before_min,firstMs_before_max,firstMs_after_samples,firstMs_after_median,firstMs_after_p95,firstMs_after_min,firstMs_after_max,completeMs_before_samples,completeMs_before_median,completeMs_before_p95,completeMs_before_min,completeMs_before_max,completeMs_after_samples,completeMs_after_median,completeMs_after_p95,completeMs_after_min,completeMs_after_max,ipcCalls_before_samples,ipcCalls_before_median,ipcCalls_before_p95,ipcCalls_before_min,ipcCalls_before_max,ipcCalls_after_samples,ipcCalls_after_median,ipcCalls_after_p95,ipcCalls_after_min,ipcCalls_after_max
24,both,author,cold,5,146.09212699999625,154.90432599998894,134.6478369999968,154.90432599998894,5,145.05554100000882,167.30118500000026,136.48605900000257,167.30118500000026,5,960.3713859999989,977.0980189999973,949.3980699999956,977.0980189999973,5,952.7837259999942,974.1729469999991,939.8269100000034,974.1729469999991,5,35,35,35,35,5,35,35,35,35
24,both,author,warm,5,52.33359600001131,52.996690999978455,49.14999700000044,52.996690999978455,5,51.45172700000694,68.8433350000123,48.37862899998436,68.8433350000123,5,60.906743000028655,64.92371200000343,59.73556599998847,64.92371200000343,5,58.44719299999997,79.40512800001306,54.89893799999845,79.40512800001306,5,0,0,0,0,5,0,0,0,0
24,both,detail,cold,5,319.67163399999845,335.43029799999204,307.73688400001265,335.43029799999204,5,311.8325819999991,330.0999770000053,308.1986560000223,330.0999770000053,5,408.08279200000106,419.74778200000037,396.4884089999832,419.74778200000037,5,403.23809100000653,425.87196600000607,395.787409999999,425.87196600000607,5,3,4,3,4,5,4,4,3,4
24,both,detail,warm,5,314.8769040000043,320.26451500000076,272.3244929999928,320.26451500000076,5,285.5156490000081,313.4490649999934,274.6651359999996,313.4490649999934,5,401.58267099998193,410.8259190000008,364.31557099998463,410.8259190000008,5,371.591928000038,406.6582800000033,367.00331300000107,406.6582800000033,5,3,3,3,3,5,3,3,3,3
24,both,library,warm,5,92.91697999997996,107.71977500000503,85.70751100000052,107.71977500000503,5,82.38243600004353,99.78133700000762,75.95222099999955,99.78133700000762,5,96.50257399998372,116.7358610000083,92.51090199999999,116.7358610000083,5,86.74414100003196,102.51593399999547,83.38922099999945,102.51593399999547,5,2,2,2,2,5,2,2,2,2
24,both,reader,cold,5,313.5618979999999,328.1331449999998,273.93232999998145,328.1331449999998,5,305.2102909999958,323.7288659999613,256.10144699999364,323.7288659999613,5,673.7746230000012,685.3142600000137,633.0047729999933,685.3142600000137,5,665.9856889999937,682.8543929999578,615.2179590000014,682.8543929999578,5,6,6,6,6,5,6,6,6,6
24,both,reader,warm,5,302.15903900004923,331.1269119999997,266.7848740000045,331.1269119999997,5,298.91838000004645,315.28072800000155,254.66958899999736,315.28072800000155,5,621.2700029999833,663.7225259999977,434.5948590000007,663.7225259999977,5,614.0971510000236,659.9012489999877,416.447840000008,659.9012489999877,5,6,6,5,6,5,6,6,6,6
24,both,recent,cold,5,153.113554999989,219.09126900000047,135.21525700000348,219.09126900000047,5,155.01904799998738,179.0222060000233,139.21612800000003,179.0222060000233,5,513.337514999992,593.4616970000006,498.944291999971,593.4616970000006,5,520.3772119999921,544.966379999998,504.3025920000073,544.966379999998,5,37,38,37,38,5,37,37,37,37
24,both,recent,warm,5,94.35433900001226,120.95809200000076,91.90300499997102,120.95809200000076,5,95.8276579999947,118.71387500001583,91.48615800001426,118.71387500001583,5,95.77562299999408,122.61298499999975,93.29283799999394,122.61298499999975,5,99.74796700000297,127.23889500001678,96.05181399999128,127.23889500001678,5,4,4,4,4,5,4,4,4,4
24,both,startup-and-first-library,cold-process,5,447.3413949999958,506.6295960000007,442.18231599999126,506.6295960000007,5,451.47267599997576,501.32562399999006,417.5781679999782,501.32562399999006,5,825.6590620000061,869.2622970000011,801.4751169999945,869.2622970000011,5,821.3939539999701,868.7659899999853,785.5226470000052,868.7659899999853,,,,,,,,,,
24,download,author,cold,5,143.87302400000044,192.07437700001174,129.41215800000282,192.07437700001174,5,142.40192999999272,164.24523300000874,133.80241899999965,164.24523300000874,5,953.004442999998,1002.0306840000121,936.3484170000011,1002.0306840000121,5,953.6789670000144,972.8407310000039,941.1903900000034,972.8407310000039,5,35,35,35,35,5,35,35,35,35
24,download,author,warm,5,52.74548199999845,64.79481000000669,49.80297099999734,64.79481000000669,5,51.565380000000005,52.9224419999955,50.913721999997506,52.9224419999955,5,66.03115199999593,74.35027399999672,53.288832999998704,74.35027399999672,5,58.34902999999758,67.83454199999687,56.19097799999872,67.83454199999687,5,0,0,0,0,5,0,0,0,0
24,download,detail,cold,5,312.52483599999687,325.47196700000495,298.07496299999184,325.47196700000495,5,311.281038000001,344.51774399999704,309.29094999999506,344.51774399999704,5,403.02164899999843,412.49700800000574,389.5527089999814,412.49700800000574,5,400.09447900000305,436.0175949999975,399.92352300000493,436.0175949999975,5,3,4,3,4,5,4,4,3,4
24,download,detail,warm,5,312.3394639999897,314.9769150000029,287.57969599998614,314.9769150000029,5,284.4922760000045,315.5512149999995,274.3851009999926,315.5512149999995,5,397.4748169999948,407.113738,373.84447899999213,407.113738,5,372.6325429999997,406.046073000005,361.08166899999196,406.046073000005,5,3,3,3,3,5,3,3,3,3
24,download,library,warm,5,78.95889100000204,95.71853700000793,66.5529680000036,95.71853700000793,5,93.81281499998295,98.09443300000567,76.96300899999915,98.09443300000567,5,85.00370699999621,106.39127600000938,71.20671499997843,106.39127600000938,5,98.28630200000043,101.31659400000353,80.17568999998912,101.31659400000353,5,2,2,2,2,5,2,2,2,2
24,download,reader,cold,5,305.14617200000066,326.45606399999815,265.5435690000013,326.45606399999815,5,273.57973800000036,315.9659279999905,270.48050800000055,315.9659279999905,5,645.974596,687.7078679999977,427.1330079999898,687.7078679999977,5,633.465286000006,676.863572000002,629.083627,676.863572000002,5,6,6,6,6,5,6,6,6,6
24,download,reader,warm,5,277.72109900000214,316.85508700000355,267.11742599999707,316.85508700000355,5,299.5145139999804,306.4880439999979,253.64568599998893,306.4880439999979,5,635.4729740000039,637.8370120000036,424.45253700000467,637.8370120000036,5,654.9724739999947,663.6824519999936,609.5171129999944,663.6824519999936,5,6,6,6,6,5,6,6,6,6
24,download,recent,cold,5,164.77766399999382,183.648171000008,147.33651199997985,183.648171000008,5,156.49966499999573,182.54394600000523,135.02737400000115,182.54394600000523,5,521.853946999996,547.6662740000029,507.8939959999989,547.6662740000029,5,521.129449,563.1414930000028,493.09660599999916,563.1414930000028,5,36,37,35,37,5,37,38,36,38
24,download,recent,warm,5,100.02730800000427,121.30130500000087,87.24176600000646,121.30130500000087,5,93.80191799998283,106.2988650000043,86.16090000000258,106.2988650000043,5,102.83723400000599,123.01559800000177,88.29280900000595,123.01559800000177,5,97.7376660000009,108.09287900000345,87.65986800000246,108.09287900000345,5,4,4,4,4,5,4,5,4,5
24,download,startup-and-first-library,cold-process,5,464.44184800001676,489.14519400000063,416.2192720000021,489.14519400000063,5,458.0777589999998,547.9141989999916,413.8732719999971,547.9141989999916,5,823.8116480000026,850.6802859999989,785.9234609999985,850.6802859999989,5,815.6961379999993,905.7682309999946,786.2422699999879,905.7682309999946,,,,,,,,,,
24,idle,author,cold,5,142.00454200000968,150.7821180000028,137.41157000002568,150.7821180000028,5,142.6163869999873,146.8071630000195,138.96450599998934,146.8071630000195,5,957.1409480000148,972.6315820000018,947.1012479999918,972.6315820000018,5,957.0907569999981,957.4957439999853,944.6623949999921,957.4957439999853,5,34,34,34,34,5,34,34,34,34
24,idle,author,warm,5,50.49715599999763,61.0435249999864,43.645160999993095,61.0435249999864,5,50.44705799999065,51.604128999999375,48.413469999999506,51.604128999999375,5,59.94102300000668,74.70253599999705,48.36309800000163,74.70253599999705,5,59.00361799998791,60.10955200000899,52.77632900001481,60.10955200000899,5,0,0,0,0,5,0,0,0,0
24,idle,detail,cold,5,310.03059799999755,335.6568200000038,289.2085939999961,335.6568200000038,5,308.02816899999743,321.7282359999954,270.6572120000201,321.7282359999954,5,400.34100800000306,422.8276150000165,373.4796369999822,422.8276150000165,5,397.562420000002,407.0049939999881,355.5768050000188,407.0049939999881,5,3,3,3,3,5,3,3,3,3
24,idle,detail,warm,5,304.5217260000063,322.63016199998674,274.9209860000119,322.63016199998674,5,305.85700699998415,313.7641890000086,266.67528599999787,313.7641890000086,5,396.0229110000073,434.16391100001056,364.8934130000125,434.16391100001056,5,395.7220699999889,403.90283700000145,363.82988599999226,403.90283700000145,5,2,2,2,2,5,2,2,2,2
24,idle,library,warm,5,91.35334400000283,92.50264999998035,74.34415499999886,92.50264999998035,5,88.43342699998175,108.70903499997803,73.10552400001325,108.70903499997803,5,95.4266119999811,101.31853099999717,82.63491399999475,101.31853099999717,5,93.78376799999387,114.72561999998288,78.918703000003,114.72561999998288,5,2,4,2,4,5,2,2,2,2
24,idle,reader,cold,5,281.62412199997925,330.1249269999971,265.74201399998856,330.1249269999971,5,313.37096299999394,316.36281099999906,300.50786899999366,316.36281099999906,5,627.5427060000075,654.5491000000038,436.25666799998726,654.5491000000038,5,670.4231050000235,677.2090539999772,425.36781399999745,677.2090539999772,5,5,5,5,5,5,5,5,5,5
24,idle,reader,warm,5,277.82146499998635,318.602098000003,268.8947749999934,318.602098000003,5,299.82296299998416,312.4025360000087,266.14061099999526,312.4025360000087,5,627.2635429999791,674.446374000021,387.45121499997913,674.446374000021,5,633.7858779999951,663.6442139999999,418.9242310000118,663.6442139999999,5,5,5,5,5,5,5,5,5,5
24,idle,recent,cold,5,159.2914410000085,183.3744000000006,135.50767300001462,183.3744000000006,5,142.9704559999809,153.47330699999293,125.17223499997635,153.47330699999293,5,520.9661340000021,555.8738850000082,494.5294059999869,555.8738850000082,5,504.9417459999968,514.5088359999936,487.1256799999974,514.5088359999936,5,36,37,35,37,5,35,37,33,37
24,idle,recent,warm,5,95.57314500000211,121.1419590000005,82.93602000002284,121.1419590000005,5,96.13743299999624,113.85194200000842,92.00435099999595,113.85194200000842,5,96.99778200002038,123.17217700000037,84.04440900002373,123.17217700000037,5,97.31561799999326,114.81363099999726,93.17375200000242,114.81363099999726,5,4,4,4,4,5,4,5,4,5
24,idle,startup-and-first-library,cold-process,5,467.257322999998,595.8126859999902,442.84741499999654,595.8126859999902,5,444.89069600001676,475.48526099999435,426.4437099999923,475.48526099999435,5,836.2058759999927,977.8413869999931,821.9028629999957,977.8413869999931,5,805.8653679999989,839.2022989999969,794.632746999996,839.2022989999969,,,,,,,,,,
24,scan,author,cold,5,138.4702700000198,162.57737000001362,127.1110430000117,162.57737000001362,5,147.04587999999058,226.21612900000764,136.2303830000019,226.21612900000764,5,945.5359469999967,994.6422469999998,932.1716759999981,994.6422469999998,5,954.0113730000448,1053.126156000013,944.2308820000035,1053.126156000013,5,34,34,34,34,5,34,34,34,34
24,scan,author,warm,5,50.625602999993134,61.04154199999175,50.360820999980206,61.04154199999175,5,50.43870999998762,53.8657569999923,49.97031299999799,53.8657569999923,5,62.35224599999856,64.5011930000037,56.446126999973785,64.5011930000037,5,60.2111300000106,61.139855999994325,58.23079899998265,61.139855999994325,5,0,0,0,0,5,0,0,0,0
24,scan,detail,cold,5,305.8043179999804,325.335923000006,276.45725800000946,325.335923000006,5,312.1481619999977,320.227275000012,278.32050399999935,320.227275000012,5,399.0826169999782,409.8313550000021,364.82695100002456,409.8313550000021,5,404.2735999999859,405.86301700002514,366.5312769999982,405.86301700002514,5,3,3,3,3,5,3,3,3,3
24,scan,detail,warm,5,278.1104469999991,321.330117000005,269.0291440000001,321.330117000005,5,306.12667599999986,310.4389310000115,272.06693500000983,310.4389310000115,5,370.6917940000021,410.9382540000079,359.07986900000833,410.9382540000079,5,393.286376,399.4785039999988,359.87851899996167,399.4785039999988,5,2,2,2,2,5,2,2,2,2
24,scan,library,warm,5,89.18755599996075,95.05540400000245,69.5521749999898,95.05540400000245,5,94.5954629999469,99.2859640000097,77.57178299999941,99.2859640000097,5,96.51307300000917,99.68775300000198,72.74817900001653,99.68775300000198,5,99.7680929999915,107.18127999998978,87.06109099999958,107.18127999998978,5,2,2,2,2,5,2,2,2,2
24,scan,reader,cold,5,310.1092869999993,332.9388919999474,267.14860300000873,332.9388919999474,5,303.36226199999874,311.5427250000066,281.0535319999908,311.5427250000066,5,667.3474240000069,692.9386240000022,625.1956369999971,692.9386240000022,5,667.7937800000072,670.1145239999751,392.0125399999961,670.1145239999751,5,5,5,5,5,5,5,5,5,5
24,scan,reader,warm,5,268.9198660000111,299.89045200002147,261.2334069999997,299.89045200002147,5,273.16689799999585,306.8828860000358,268.55098299999736,306.8828860000358,5,622.3427430000011,660.0817210000241,383.73227500001667,660.0817210000241,5,630.621885999979,665.4133889999939,627.7027360000066,665.4133889999939,5,5,5,5,5,5,5,5,5,5
24,scan,recent,cold,5,150.87512900000002,173.03312900001765,135.75626800002647,173.03312900001765,5,152.0970469999993,154.93415300000925,122.5071530000132,154.93415300000925,5,513.3265720000018,534.6137849999941,499.2916130000085,534.6137849999941,5,515.239794000001,515.7901500000153,481.9658530000015,515.7901500000153,5,36,37,35,37,5,36,36,36,36
24,scan,recent,warm,5,95.51957799997763,109.12030700000105,87.09491299997899,109.12030700000105,5,92.8749030000181,109.70696599999792,86.3756149999972,109.70696599999792,5,98.91603499997291,110.33879200000229,88.01888399999007,110.33879200000229,5,93.89355899998918,112.69125500000155,87.4869100000069,112.69125500000155,5,4,4,4,4,5,4,4,4,4
24,scan,startup-and-first-library,cold-process,5,435.97451,512.2158549999986,426.91184200003045,512.2158549999986,5,459.7158809999819,490.4188740000245,401.54194199998165,490.4188740000245,5,823.3116440000013,875.2391169999973,797.8500350000104,875.2391169999973,5,817.8624640000053,853.2358920000261,770.1407699999982,853.2358920000261,,,,,,,,,,
2000,both,author,cold,5,151.2708509999793,165.95225499998196,130.39131700000144,165.95225499998196,5,147.73349400000006,182.79085399999167,129.380928999999,182.79085399999167,5,970.0000580000051,975.5287039999967,945.6067760000005,975.5287039999967,5,965.7250009999989,1012.0071469999966,942.345156000003,1012.0071469999966,5,35,35,35,35,5,35,35,35,35
2000,both,author,warm,5,49.263847999987775,62.0475310000038,42.34820900001796,62.0475310000038,5,52.215353999999934,108.16899099999864,48.06024399999296,108.16899099999864,5,57.983101999998325,77.91825600000448,49.7077720000234,77.91825600000448,5,63.27256899999338,125.38180100000318,53.68051599999308,125.38180100000318,5,0,0,0,0,5,0,1,0,1
2000,both,detail,cold,5,309.1016509999754,328.5697999999975,282.5243380000029,328.5697999999975,5,308.61331699999573,324.4017659999954,274.50592300000426,324.4017659999954,5,394.2141009999905,420.92311800000607,370.58933300000353,420.92311800000607,5,398.9858400000012,414.2372350000078,359.5976340000052,414.2372350000078,5,3,4,3,4,5,3,4,3,4
2000,both,detail,warm,5,313.38873700000113,329.9878000000026,278.6345329999749,329.9878000000026,5,311.8637239999953,328.28567199999816,302.5687539999999,328.28567199999816,5,398.4283540000033,420.90547200000583,365.1482810000016,420.90547200000583,5,402.6485229999962,419.5115280000027,389.7530209999968,419.5115280000027,5,3,3,3,3,5,3,3,2,3
2000,both,library,warm,5,83.81774199999927,90.66818499999499,80.29981199999747,90.66818499999499,5,97.47517499999958,109.89675399998669,82.80707799998345,109.89675399998669,5,89.9487070000032,97.60467799999606,86.45586699998239,97.60467799999606,5,99.87454000000434,118.62103700000443,87.5346600000048,118.62103700000443,5,2,2,2,2,5,2,2,2,2
2000,both,reader,cold,5,315.1962910000002,344.7936730000074,272.3589409999986,344.7936730000074,5,306.3919209999949,323.01606599998195,282.4582459999947,323.01606599998195,5,670.9615760000015,702.6305019999854,381.39897400001064,702.6305019999854,5,646.7617380000011,672.3113099999973,429.32061899997643,672.3113099999973,5,6,6,6,6,5,6,6,5,6
2000,both,reader,warm,5,309.8929649999991,313.5452490000025,274.894779000002,313.5452490000025,5,307.97294300000067,315.80999700000393,278.3884179999877,315.80999700000393,5,418.5397740000044,660.8805489999941,412.960616999997,660.8805489999941,5,663.9579379999996,668.8322630000039,420.6668939999945,668.8322630000039,5,6,6,5,6,5,6,6,5,6
2000,both,recent,cold,5,164.2033910000173,171.049640000012,150.59442200000194,171.049640000012,5,167.29977599999984,190.62855800000398,154.79826200001116,190.62855800000398,5,536.2106300000014,543.0391440000094,514.0942649999997,543.0391440000094,5,529.8670339999953,559.1418689999991,518.4746760000126,559.1418689999991,5,37,38,37,38,5,37,38,36,38
2000,both,recent,warm,5,95.53145599999698,107.74988300001132,86.00238800000079,107.74988300001132,5,101.07280900000478,113.70554200000333,88.30562700000883,113.70554200000333,5,96.52359099997557,114.6286170000094,87.22702299999946,114.6286170000094,5,102.67393099999754,117.02406300000439,89.85829500001273,117.02406300000439,5,4,4,4,4,5,4,4,4,4
2000,both,startup-and-first-library,cold-process,5,457.72349899998517,524.8851819999982,439.6804640000046,524.8851819999982,5,485.5686879999994,541.7598060000018,450.4124440000014,541.7598060000018,5,819.7884229999909,889.0490649999992,808.6803700000019,889.0490649999992,5,853.2232699999877,904.493398999999,816.2433549999987,904.493398999999,,,,,,,,,,
2000,download,author,cold,5,168.8189579999962,181.04017199999362,141.71130600001197,181.04017199999362,5,147.0604680000106,164.49461599998176,130.35437100000127,164.49461599998176,5,980.9087939999881,992.4633959999919,961.5072230000223,992.4633959999919,5,963.2103420000058,976.4465709999786,936.0828860000038,976.4465709999786,5,35,35,35,35,5,35,35,35,35
2000,download,author,warm,5,52.46812299999874,78.03164199995808,50.57548300000781,78.03164199995808,5,48.117923999991035,52.3658829999913,42.689399000002595,52.3658829999913,5,64.38990700000431,88.16236899996875,62.14312599999539,88.16236899996875,5,55.189339000033215,63.20968800000264,46.41773600000306,63.20968800000264,5,0,1,0,1,5,0,0,0,0
2000,download,detail,cold,5,319.66220600000815,345.0133059999789,279.3291909999971,345.0133059999789,5,314.8985129999928,325.11469800000486,289.434282000002,325.11469800000486,5,412.02735400001984,432.6027560000075,370.82900399999926,432.6027560000075,5,402.1972780000069,419.21519499999704,378.3467870000168,419.21519499999704,5,3,4,3,4,5,4,4,3,4
2000,download,detail,warm,5,310.9058769999974,334.7260309999692,292.98494700000447,334.7260309999692,5,286.36436799998046,307.51691700000083,277.0805929999915,307.51691700000083,5,398.3653720000002,409.45688099996187,374.5661409999593,409.45688099996187,5,375.93682199998875,400.3547810000018,363.71881200000644,400.3547810000018,5,3,3,2,3,5,3,3,3,3
2000,download,library,warm,5,98.17441400000098,120.44625800001086,69.0463779999991,120.44625800001086,5,86.51660599999013,98.44726699998137,68.66338499999256,98.44726699998137,5,103.75613000000158,136.34840700001223,74.44412999998895,136.34840700001223,5,94.48674600000959,104.46257699996931,75.86738700000569,104.46257699996931,5,2,2,2,2,5,2,2,2,2
2000,download,reader,cold,5,315.5201370000141,324.0908199999976,312.7429310000007,324.0908199999976,5,314.3878590000095,320.78845100000035,271.5806590000284,320.78845100000035,5,676.7271869999822,706.5147280000019,672.8023700000194,706.5147280000019,5,675.9531419999985,679.0601279999828,631.9449020000175,679.0601279999828,5,6,6,5,6,5,6,6,6,6
2000,download,reader,warm,5,304.005799999999,335.31210199999623,282.0959670000011,335.31210199999623,5,282.8464160000003,298.88139200001024,265.08353800000623,298.88139200001024,5,439.4956200000015,661.7545459999819,385.72112599998945,661.7545459999819,5,642.8946830000059,657.3660640000016,619.287891999993,657.3660640000016,5,6,6,5,6,5,6,6,6,6
2000,download,recent,cold,5,154.48051000002306,195.6050769999856,141.99579600000288,195.6050769999856,5,168.77829800004838,171.04125999999815,135.11942900000577,171.04125999999815,5,513.6448000000091,557.8989620000066,502.5620940000081,557.8989620000066,5,532.4661320000305,551.6212159999995,490.398552000006,551.6212159999995,5,36,38,36,38,5,37,38,35,38
2000,download,recent,warm,5,106.74758100000327,113.80203500000061,95.002416000003,113.80203500000061,5,97.3241330000019,106.24217899999348,91.02720699999918,106.24217899999348,5,108.4923659999913,115.37550700000429,98.27199099998688,115.37550700000429,5,98.43048999999883,110.0363570000045,92.21678899999824,110.0363570000045,5,4,4,4,4,5,4,5,4,5
2000,download,startup-and-first-library,cold-process,5,523.4837520000001,624.6229900000035,441.72260500000266,624.6229900000035,5,464.51976399999694,561.644980000041,413.5404099999869,561.644980000041,5,903.3273520000002,986.958095000009,813.1970220000076,986.958095000009,5,827.3177589999977,925.1331929999869,783.3298249999934,925.1331929999869,,,,,,,,,,
2000,idle,author,cold,5,143.502816000022,173.08561399998143,133.9040560000003,173.08561399998143,5,144.73760400002357,191.53393099999994,131.47254899999825,191.53393099999994,5,958.25144800001,989.9655569999886,944.9690929999997,989.9655569999886,5,953.2635610000289,1008.126937,943.9197799999965,1008.126937,5,34,34,34,34,5,34,34,34,34
2000,idle,author,warm,5,54.11147699999856,61.49736099999973,50.90683700001682,61.49736099999973,5,53.83403999999973,57.805844000016805,51.35393300000578,57.805844000016805,5,66.9678309999872,75.619729,63.47085800001514,75.619729,5,65.11378900002455,65.77682300002198,60.693209000000024,65.77682300002198,5,0,0,0,0,5,0,0,0,0
2000,idle,detail,cold,5,311.0779999999795,319.66644400000223,309.3055639999802,319.66644400000223,5,315.96175500002573,318.73641399999906,312.3959089999844,318.73641399999906,5,403.29386999999406,407.9261819999956,396.20007600000827,407.9261819999956,5,405.5091700000048,410.3299169999955,400.008597,410.3299169999955,5,3,3,3,3,5,3,3,3,3
2000,idle,detail,warm,5,301.5385379999934,310.6509480000004,269.71681500000705,310.6509480000004,5,309.89919700002065,318.3410469999999,272.440671999997,318.3410469999999,5,400.2780189999903,401.8939530000007,356.60758200001146,401.8939530000007,5,401.954819999999,416.4510850000006,361.34869899999467,416.4510850000006,5,2,2,2,2,5,2,2,2,2
2000,idle,library,warm,5,85.3170320000063,89.46531899999991,70.88348299998324,89.46531899999991,5,87.69673900000635,105.71440199999961,71.34509700001217,105.71440199999961,5,91.06957000000693,97.30410399999982,74.7922279999766,97.30410399999982,5,95.67634800000815,113.8021520000002,76.24138000002131,113.8021520000002,5,2,2,2,2,5,2,2,2,2
2000,idle,reader,cold,5,290.0809489999956,334.0946329999988,276.07548200001474,334.0946329999988,5,311.1359459999949,336.82119799999055,309.9886659999902,336.82119799999055,5,634.3128579999902,648.5882480000146,428.8625630000024,648.5882480000146,5,669.6247999999996,672.2576299999928,416.6462960000208,672.2576299999928,5,5,5,5,5,5,5,5,5,5
2000,idle,reader,warm,5,302.3880230000068,316.60450099999434,268.4962569999916,316.60450099999434,5,306.4897029999993,313.14784900000086,263.60649899999953,313.14784900000086,5,629.1817530000117,661.938605000003,421.04425400000764,661.938605000003,5,629.7816089999978,668.9881580000219,417.0503710000048,668.9881580000219,5,5,5,5,5,5,5,5,5,5
2000,idle,recent,cold,5,166.75144099999943,192.12944400002016,141.67279300000519,192.12944400002016,5,158.62291899998672,197.10913500000606,148.23748999999953,197.10913500000606,5,527.802756,557.4720469999884,502.92719000000216,557.4720469999884,5,520.4371839999949,561.7303989999928,516.2331229999836,561.7303989999928,5,36,37,35,37,5,36,36,36,36
2000,idle,recent,warm,5,101.4930139999924,114.18026799999643,85.41085699998075,114.18026799999643,5,101.51623000000836,152.4705130000075,96.15135699999973,152.4705130000075,5,102.71001700000488,115.59567999999854,86.48526600000332,115.59567999999854,5,107.35823199999868,156.1362250000093,97.64778000000024,156.1362250000093,5,4,5,4,5,5,4,4,4,4
2000,idle,startup-and-first-library,cold-process,5,499.1789390000049,535.4684270000143,465.627542000002,535.4684270000143,5,517.5496480000147,815.3426549999858,473.35685799998464,815.3426549999858,5,868.1368319999892,897.39519499999,828.2321689999953,897.39519499999,5,876.3724379999912,1185.372749000002,840.0812939999742,1185.372749000002,,,,,,,,,,
2000,scan,author,cold,5,135.31892399996286,164.83629800000926,132.41256100000464,164.83629800000926,5,149.03899799999635,163.98745700001018,142.89397299999837,163.98745700001018,5,951.0538000000015,980.6082659999956,946.5276190000004,980.6082659999956,5,960.9021240000147,976.6034070000169,952.0645110000041,976.6034070000169,5,34,34,34,34,5,34,34,34,34
2000,scan,author,warm,5,52.79544600000372,112.1814149999991,49.16061700001592,112.1814149999991,5,50.05426000000443,83.4633759999997,49.49773100001039,83.4633759999997,5,63.87058300001081,122.27769899999839,59.94878700003028,122.27769899999839,5,61.48124700000335,94.98064999998314,53.54123500001151,94.98064999998314,5,0,0,0,0,5,0,0,0,0
2000,scan,detail,cold,5,308.67794599999615,314.8185620000004,284.44399800000247,314.8185620000004,5,315.72102599999926,321.1405730000115,305.5399200000029,321.1405730000115,5,399.6060679999646,405.92315999999846,373.29109600000083,405.92315999999846,5,403.52164700001595,408.9544239999959,398.4822980000172,408.9544239999959,5,3,3,3,3,5,3,3,3,3
2000,scan,detail,warm,5,308.65300699998625,323.8402199999982,273.18031500000507,323.8402199999982,5,275.20854799996596,314.0503660000104,272.14541800000006,314.0503660000104,5,397.94287899998017,409.9193660000019,362.7119470000034,409.9193660000019,5,363.4757150000005,400.9255380000104,360.0628180000058,400.9255380000104,5,2,2,2,2,5,2,2,2,2
2000,scan,library,warm,5,90.86654699999781,98.51891700000124,87.48309799999697,98.51891700000124,5,98.37285300000804,110.56000900000072,86.06512899999507,110.56000900000072,5,96.1621570000134,102.06506600000284,91.41326000000117,102.06506600000284,5,105.1115540000028,116.82900399999926,94.44189799999003,116.82900399999926,5,2,2,2,2,5,2,2,2,2
2000,scan,reader,cold,5,275.2685380000039,313.5733459999901,266.799319999991,313.5733459999901,5,275.7530779999797,317.30163100000937,266.67502299998887,317.30163100000937,5,636.8888780000125,671.5041689999634,627.343686999986,671.5041689999634,5,632.8962199999951,676.1279649999924,625.4507859999867,676.1279649999924,5,5,5,5,5,5,5,5,5,5
2000,scan,reader,warm,5,299.5613490000251,306.12736099999165,268.6722289999889,306.12736099999165,5,306.9023350000207,317.19782799999666,275.42571799998404,317.19782799999666,5,664.0835039999802,667.9152829999948,627.1166939999966,667.9152829999948,5,420.5593200000003,664.2186369999981,410.258679999999,664.2186369999981,5,5,5,5,5,5,5,5,5,5
2000,scan,recent,cold,5,164.9027580000111,229.30401800000254,146.7059269999736,229.30401800000254,5,150.00974999999744,152.86918999999762,132.509624000013,152.86918999999762,5,525.4598179999739,617.5428539999994,503.9697060000035,617.5428539999994,5,518.5486490000039,520.8401819999999,499.6506800000061,520.8401819999999,5,36,38,32,38,5,36,36,34,36
2000,scan,recent,warm,5,102.08731400000397,106.35238200001186,95.1754549999896,106.35238200001186,5,113.1925850000116,130.4133389999988,101.626763999986,130.4133389999988,5,105.37440200000128,112.79129000002285,100.39254000000074,112.79129000002285,5,116.85505799998646,131.7076289999968,103.10388499998953,131.7076289999968,5,5,6,4,6,5,4,5,4,5
2000,scan,startup-and-first-library,cold-process,5,482.78022000000055,583.7227070000008,453.6831280000042,583.7227070000008,5,453.0198330000276,514.8375259999884,428.41734500000166,514.8375259999884,5,851.1236409999983,953.2682790000035,820.0945649999776,953.2682790000035,5,833.6351960000466,873.8462530000252,799.9931580000048,873.8462530000252,,,,,,,,,,
